catalogNumber,scientificName
CASTYPE10200,Perdita salicis
CASTYPE10273,Pseudopanurgus compactus
CASTYPE10287,Andrena blennospermatis
CASTYPE10288,Andrena agoseridis
CASTYPE10289,Andrena subapasta
CASTYPE10290,Andrena lewisorum
CASTYPE10291,Andrena malacothricidis
CASTYPE10328,Pseudopanurgus cazieri
CASTYPE11130,Andrena latinensis
CASTYPE11131,Andrena bocensis
CASTYPE11132,Andrena bendensis
CASTYPE11166,Calliopsis fulgida
CASTYPE11167,Calliopsis hurdi
CASTYPE11169,Calliopsis peninsularis
CASTYPE11170,Calliopsis syphar
CASTYPE11171,Calliopsis timberlakei
CASTYPE11172,Calliopsis unca
CASTYPE11173,Calliopsis yalea
CASTYPE11178,Dufourea macswaini
CASTYPE11274,Andrena boronensis
CASTYPE11277,Andrena eulobi
CASTYPE11280,Andrena stagei
CASTYPE11281,Andrena thorpi
CASTYPE11320,Dufourea gilia
CASTYPE11391,Peponapis azteca
CASTYPE11392,Peponapis smithi
CASTYPE11394,Andrena camissoniae
CASTYPE11395,Dialictus ornduffi
CASTYPE11396,Eulonchopria oaxacana
CASTYPE11553,Andrena angusticrus
CASTYPE11554,Andrena biareola
CASTYPE11555,Andrena buccata
CASTYPE11556,Andrena stipator
CASTYPE11557,Andrena sublayiae
CASTYPE11615,Agapostemon ascius
CASTYPE11616,Agapostemon erebus
CASTYPE11617,Agapostemon lanosus
CASTYPE11618,Agapostemon mexicanus
CASTYPE11619,Agapostemon peninsularis
CASTYPE11768,Allodape brachycephala
CASTYPE11769,Braunsapis aureoscopa
CASTYPE11798,Ancylandrena timberlakei
CASTYPE11799,Andrena gordoni
CASTYPE11802,Nomada parkeri
CASTYPE11823,Andrena bucculenta
CASTYPE11824,Andrena santaclarae
CASTYPE11938,Ceratina apacheorum
CASTYPE11939,Ceratina micheneri
CASTYPE11940,Ceratina timberlakei
CASTYPE12029,Andrena toralis
CASTYPE12030,Anthidium sculleni
CASTYPE12254,Simanthedon linsleyi
CASTYPE12364,Pectinapis fasciata
CASTYPE12365,Pectinapis fasciatella
CASTYPE12472,Heterosarus levis
CASTYPE12473,Protandrena impressa
CASTYPE12521,Andrena hamulata
CASTYPE12522,Andrena penemisella
CASTYPE12553,Exomalopsis cockerelli
CASTYPE12566,Mesoxaea clypeata
CASTYPE12567,Mesoxaea rufescens
CASTYPE12568,Protoxaea australis
CASTYPE12663,Perdita apicalis
CASTYPE12664,Perdita autumnalis
CASTYPE12665,Perdita bifasciata
CASTYPE12666,Perdita cinctiventris
CASTYPE12667,Perdita diminutiva
CASTYPE12668,Perdita esmeraldensis
CASTYPE12669,Perdita gracilior
CASTYPE12670,Perdita infuscata
CASTYPE12671,Perdita inyoensis
CASTYPE12672,Perdita medialis
CASTYPE12673,Perdita pachygnatha
CASTYPE12674,Perdita pauliana
CASTYPE12675,Perdita perlucens
CASTYPE12676,Perdita pusillissima
CASTYPE12677,Perdita willcoxiana
CASTYPE12678,Perdita zavortinki
CASTYPE12749,Martinapis occidentalis
CASTYPE12989,Perdita biornata
CASTYPE12990,Perdita impar
CASTYPE12991,Perdita leechi
CASTYPE12992,Perdita nayaritensis
CASTYPE12993,Perdita peninsularis
CASTYPE12994,Andrena congrua
CASTYPE12995,Andrena declinis
CASTYPE12996,Andrena illustris
CASTYPE12997,Andrena quadrilimbata
CASTYPE12998,Andrena ribblei
CASTYPE13109,Perdita neffi
CASTYPE13110,Ashmeadiella parkinsoniae
CASTYPE13124,Chilicola andina
CASTYPE13125,Chilicola michelbacheri
CASTYPE13126,Chilicola hahni
CASTYPE13134,Neolarra clavigera
CASTYPE13135,Neolarra hurdi
CASTYPE13368,Mexalictus arizonensis
CASTYPE13381,Ceratina neomexicana punctigena
CASTYPE13382,Holcopasites bigibbosus
CASTYPE13383,Holcopasites bohartorum
CASTYPE13384,Holcopasites cazieri
CASTYPE13462,Micralictoides mojavensis
CASTYPE13464,Nomadopsis solitaria
CASTYPE13478,Perdita lepidosparti
CASTYPE13479,Perdita leucostoma
CASTYPE13523,Caupolicana wilsoni
CASTYPE13525,Perdita imbellis
CASTYPE13538,Andrena aurihirta
CASTYPE13540,Andrena grindeliae
CASTYPE13542,Andrena luteihirta
CASTYPE13643,Perdita pernitens
CASTYPE13665,Andrena ceanothifloris
CASTYPE13733,Meganomia rossi
CASTYPE13761,Andrena monoensis
CASTYPE13762,Andrena prolixa
CASTYPE14041,Exomalopsis apicalis
CASTYPE14042,Exomalopsis dimidiata
CASTYPE14043,Exomalopsis minima
CASTYPE14044,Exomalopsis notabilis
CASTYPE14090,Megabombus honshuensis
CASTYPE14091,Orientalibombus haemorrhoidalis semialbopleuralis
CASTYPE14151,Proteriades emarginatus
CASTYPE14152,Synhalonia amoena
CASTYPE14154,Nomada hesperia falconis
CASTYPE14207,Megachile astragali
CASTYPE14208,Megachile melanderi
CASTYPE14209,Megachile yumensis
CASTYPE14210,Megachile subparallela
CASTYPE14348,Andrena aculeata
CASTYPE14349,Andrena baeriae
CASTYPE14350,Andrena bullata
CASTYPE14351,Andrena chlorogaster
CASTYPE14352,Andrena cruciferarum
CASTYPE14353,Andrena deserticola
CASTYPE14354,Andrena dinognatha
CASTYPE14355,Andrena dissimulans
CASTYPE14356,Andrena enceliae
CASTYPE14357,Andrena essigi
CASTYPE14358,Andrena ferrugineipes
CASTYPE14359,Andrena flandersi
CASTYPE14360,Andrena fulminea
CASTYPE14361,Andrena lauta
CASTYPE14362,Andrena lepidii
CASTYPE14363,Andrena linsleyi
CASTYPE14364,Andrena lomatii
CASTYPE14365,Andrena longifovea
CASTYPE14367,Andrena nemophilae
CASTYPE14368,Andrena oenotherae
CASTYPE14369,Andrena pallidiscopa
CASTYPE14370,Andrena palpalis
CASTYPE14371,Andrena pensilis
CASTYPE14372,Andrena sphaeralceae
CASTYPE14373,Andrena suavis
CASTYPE14375,Andrena tildeni
CASTYPE14376,Andrena waldmerei
CASTYPE14377,Andrena zygadeni
CASTYPE14378,Calliopsis deserticola
CASTYPE14379,Calliopsis empelia
CASTYPE14380,Calliopsis gilva
CASTYPE14382,Calliopsis squamifera
CASTYPE14383,Heterosarus chemsaki
CASTYPE14384,Heterosarus consors
CASTYPE14385,Heterosarus durangoensis
CASTYPE14387,Heterosarus mundus
CASTYPE14389,Metapsaenythia sonorana
CASTYPE14390,Nomadopsis barbata
CASTYPE14391,Nomadopsis foleyi
CASTYPE14392,Nomadopsis larreae
CASTYPE14393,Nomadopsis mellipes
CASTYPE14394,Nomadopsis nigromaculata
CASTYPE14395,Nomadopsis phaceliae
CASTYPE14396,Nomadopsis timberlakei
CASTYPE14397,Nomadopsis trifolii
CASTYPE14398,Perdita abdominalis
CASTYPE14399,Perdita acaciae
CASTYPE14400,Perdita acapulcona
CASTYPE14401,Perdita accepta
CASTYPE14402,Perdita adustiventris
CASTYPE14403,Perdita aemula
CASTYPE14404,Perdita aemula
CASTYPE14405,Perdita affecta
CASTYPE14406,Perdita albata
CASTYPE14407,Perdita albescens
CASTYPE14408,Perdita albihirta
CASTYPE14409,Perdita albihirta
CASTYPE14410,Perdita albipes
CASTYPE14411,Perdita albocincta
CASTYPE14412,Perdita albofasciata
CASTYPE14413,Perdita albomaculata
CASTYPE14414,Perdita albonotata
CASTYPE14415,Perdita albopicta
CASTYPE14416,Perdita algodones
CASTYPE14417,Perdita ambigua
CASTYPE14418,Perdita amicula
CASTYPE14419,Perdita ampla
CASTYPE14420,Perdita amplipennis
CASTYPE14421,Perdita ancoralis
CASTYPE14422,Perdita anthracina
CASTYPE14423,Perdita apacheorum
CASTYPE14424,Perdita aperta
CASTYPE14425,Perdita aplopappi
CASTYPE14426,Perdita arenaria
CASTYPE14427,Perdita argemones
CASTYPE14428,Perdita aridella
CASTYPE14429,Perdita arizonica
CASTYPE14430,Perdita ashmeadi
CASTYPE14431,Perdita assimilis
CASTYPE14432,Perdita associata
CASTYPE14433,Perdita atrata
CASTYPE14435,Perdita atrovirens
CASTYPE14436,Perdita aureovittata
CASTYPE14437,Perdita aureovittata
CASTYPE14438,Perdita azteca
CASTYPE14439,Perdita barri
CASTYPE14440,Perdita basinicola
CASTYPE14441,Perdita bebbiae
CASTYPE14442,Perdita bellula
CASTYPE14443,Perdita biguttata
CASTYPE14444,Perdita bilobata
CASTYPE14445,Perdita bispinata
CASTYPE14446,Perdita blanda
CASTYPE14447,Perdita bohartorum
CASTYPE14448,Perdita brachyglossa
CASTYPE14449,Perdita brevihirta
CASTYPE14450,Perdita butleri
CASTYPE14451,Perdita californica
CASTYPE14452,Perdita calloleuca
CASTYPE14453,Perdita carinata
CASTYPE14454,Perdita chemsaki
CASTYPE14455,Perdita chionostoma
CASTYPE14456,Perdita chrysopsina
CASTYPE14457,Perdita claripennis
CASTYPE14458,Perdita clypeata
CASTYPE14459,Perdita clypeata
CASTYPE14460,Perdita coalingensis
CASTYPE14461,Perdita cognata
CASTYPE14462,Perdita coldeniae
CASTYPE14464,Perdita compacta
CASTYPE14465,Perdita compactilis
CASTYPE14466,Perdita compta
CASTYPE14467,Perdita confinis
CASTYPE14468,Perdita confusa
CASTYPE14469,Perdita congrua
CASTYPE14470,Perdita consimilis
CASTYPE14471,Perdita cowaniae
CASTYPE14472,Perdita crandalli
CASTYPE14473,Perdita craterognatha
CASTYPE14474,Perdita croceipes
CASTYPE14475,Perdita crotonis
CASTYPE14476,Perdita crotonis
CASTYPE14477,Perdita crotonis
CASTYPE14478,Perdita crotonis
CASTYPE14479,Perdita crotonis
CASTYPE14480,Perdita cruciferarum
CASTYPE14481,Perdita cuspidata
CASTYPE14482,Perdita dammersi
CASTYPE14483,Perdita decemnotata
CASTYPE14484,Perdita dentata
CASTYPE14485,Perdita depressa
CASTYPE14486,Perdita dicksoni
CASTYPE14487,Perdita differens
CASTYPE14488,Perdita difficilis
CASTYPE14489,Perdita digna
CASTYPE14490,Perdita digressa
CASTYPE14491,Perdita dilecta
CASTYPE14492,Perdita dimidiata
CASTYPE14493,Perdita distans
CASTYPE14494,Perdita distincta
CASTYPE14495,Perdita distropica
CASTYPE14496,Perdita duplicata
CASTYPE14497,Perdita duplonotata
CASTYPE14498,Perdita durangoensis
CASTYPE14499,Perdita echinocacti
CASTYPE14500,Perdita electa
CASTYPE14501,Perdita elegans
CASTYPE14503,Perdita ensenadensis
CASTYPE14504,Perdita eremica
CASTYPE14505,Perdita eremophila
CASTYPE14506,Perdita eriastri
CASTYPE14507,Perdita eriastri
CASTYPE14508,Perdita erythropyga
CASTYPE14509,Perdita eucnides
CASTYPE14510,Perdita euphorbiae
CASTYPE14511,Perdita euzonata
CASTYPE14512,Perdita ewarti
CASTYPE14513,Perdita excellens
CASTYPE14514,Perdita exigua
CASTYPE14515,Perdita eximia
CASTYPE14516,Perdita eysenhardtiae
CASTYPE14517,Perdita falcata
CASTYPE14518,Perdita fallugiae
CASTYPE14519,Perdita fasciata
CASTYPE14520,Perdita fasciatella
CASTYPE14521,Perdita festiva
CASTYPE14523,Perdita flavicauda
CASTYPE14524,Perdita flavicauda
CASTYPE14525,Perdita flavicornis
CASTYPE14526,Perdita flavifrons
CASTYPE14527,Perdita foleyi
CASTYPE14528,Perdita fortis
CASTYPE14529,Perdita foveata
CASTYPE14530,Perdita fremonti
CASTYPE14531,Perdita frontalis
CASTYPE14532,Perdita fulvescens
CASTYPE14533,Perdita fulvicauda
CASTYPE14534,Perdita fulviventris
CASTYPE14535,Perdita fuscipes
CASTYPE14536,Perdita gemella
CASTYPE14537,Perdita genalis
CASTYPE14538,Perdita genalis
CASTYPE14539,Perdita gentilis
CASTYPE14540,Perdita giliae
CASTYPE14541,Perdita gillaspyi
CASTYPE14542,Perdita glabrella
CASTYPE14543,Perdita glabrescens
CASTYPE14544,Perdita glamis
CASTYPE14545,Perdita gracilis
CASTYPE14546,Perdita gratiosa
CASTYPE14547,Perdita greggiae
CASTYPE14548,Perdita haigi
CASTYPE14549,Perdita halli
CASTYPE14550,Perdita heliotropii
CASTYPE14551,Perdita heterothecae
CASTYPE14552,Perdita hidalgoensis
CASTYPE14553,Perdita hiemalis
CASTYPE14554,Perdita hilaris
CASTYPE14555,Perdita hirtella
CASTYPE14556,Perdita hirticeps
CASTYPE14557,Perdita hirticeps
CASTYPE14558,Perdita hirticeps
CASTYPE14559,Perdita humilis
CASTYPE14560,Perdita hurdi
CASTYPE14561,Perdita idahoensis
CASTYPE14562,Perdita idonea
CASTYPE14563,Perdita imberbis
CASTYPE14564,Perdita impressa
CASTYPE14565,Perdita impunctifrons
CASTYPE14566,Perdita indioensis
CASTYPE14567,Perdita inflexa
CASTYPE14568,Perdita innotata
CASTYPE14569,Perdita insequens
CASTYPE14570,Perdita interrupta
CASTYPE14571,Perdita interserta
CASTYPE14572,Perdita irregularis
CASTYPE14573,Perdita jucunda
CASTYPE14574,Perdita kanabensis
CASTYPE14575,Perdita knowltoni
CASTYPE14577,Perdita labrata
CASTYPE14578,Perdita labrosa
CASTYPE14579,Perdita lateralis
CASTYPE14580,Perdita lepidosparti
CASTYPE14581,Perdita leucophylli
CASTYPE14582,Perdita leucosticta
CASTYPE14583,Perdita levissima
CASTYPE14584,Perdita linsleyi
CASTYPE14585,Perdita lucens
CASTYPE14586,Perdita luciae
CASTYPE14587,Perdita lucidella
CASTYPE14588,Perdita luctuosa
CASTYPE14589,Perdita luculenta
CASTYPE14590,Perdita lunulata
CASTYPE14591,Perdita lustrans
CASTYPE14592,Perdita lycii
CASTYPE14593,Perdita macneilli
CASTYPE14594,Perdita maculosa
CASTYPE14595,Perdita maerens
CASTYPE14596,Perdita maesta
CASTYPE14597,Perdita magniceps
CASTYPE14598,Perdita malacothricis
CASTYPE14599,Perdita mandibularis
CASTYPE14600,Perdita maritima
CASTYPE14601,Perdita mazatlanica
CASTYPE14602,Perdita media
CASTYPE14603,Perdita melanderi
CASTYPE14604,Perdita melanogastra
CASTYPE14605,Perdita melanops
CASTYPE14606,Perdita mellea
CASTYPE14607,Perdita mesillensis
CASTYPE14608,Perdita micans
CASTYPE14609,Perdita micheneri
CASTYPE14610,Perdita mimula
CASTYPE14611,Perdita minuta
CASTYPE14612,Perdita modestissima
CASTYPE14613,Perdita mohavensis
CASTYPE14614,Perdita moldenkei
CASTYPE14615,Perdita montereyensis
CASTYPE14616,Perdita mormonica
CASTYPE14617,Perdita mortuaria
CASTYPE14618,Perdita morula
CASTYPE14619,Perdita mucronata
CASTYPE14620,Perdita munda
CASTYPE14621,Perdita munita
CASTYPE14622,Perdita namatophila
CASTYPE14623,Perdita nanula
CASTYPE14624,Perdita nasuta
CASTYPE14625,Perdita nasuta
CASTYPE14626,Perdita navarretiae
CASTYPE14627,Perdita navarretiae
CASTYPE14628,Perdita navarretiae
CASTYPE14629,Perdita nevadensis
CASTYPE14630,Perdita nevadiana
CASTYPE14631,Perdita nigrella
CASTYPE14632,Perdita nigrifacies
CASTYPE14633,Perdita nigroaenea
CASTYPE14634,Perdita nigrocaerulea
CASTYPE14635,Perdita nigrocincta
CASTYPE14636,Perdita nitens
CASTYPE14637,Perdita nubila
CASTYPE14638,Perdita numerata
CASTYPE14639,Perdita obispoensis
CASTYPE14640,Perdita obscurella
CASTYPE14641,Perdita obscuripennis
CASTYPE14642,Perdita obtusa
CASTYPE14643,Perdita omani
CASTYPE14644,Perdita opacella
CASTYPE14645,Perdita optiva
CASTYPE14646,Perdita ordinata
CASTYPE14647,Perdita oregonensis
CASTYPE14648,Perdita oregonensis
CASTYPE14649,Perdita oreophila
CASTYPE14650,Perdita otiosa
CASTYPE14651,Perdita ovaliceps
CASTYPE14652,Perdita pallida
CASTYPE14653,Perdita pallidiventris
CASTYPE14654,Perdita panocheana
CASTYPE14655,Perdita parilis
CASTYPE14656,Perdita parkeri
CASTYPE14657,Perdita paroselae
CASTYPE14658,Perdita parryellae
CASTYPE14659,Perdita pectoralis
CASTYPE14660,Perdita perplexa
CASTYPE14661,Perdita perpulchra
CASTYPE14662,Perdita physalidis
CASTYPE14663,Perdita placens
CASTYPE14664,Perdita placida
CASTYPE14665,Perdita planifrons
CASTYPE14666,Perdita plucheae
CASTYPE14668,Perdita polycarpae
CASTYPE14669,Perdita polytropica
CASTYPE14670,Perdita portalis
CASTYPE14671,Perdita pratensis
CASTYPE14672,Perdita primula
CASTYPE14673,Perdita propinqua
CASTYPE14674,Perdita pulchella
CASTYPE14675,Perdita pulliventris
CASTYPE14676,Perdita puncticeps
CASTYPE14678,Perdita pusilla
CASTYPE14679,Perdita pygidialis
CASTYPE14681,Perdita quinquebalteata
CASTYPE14682,Perdita repens
CASTYPE14683,Perdita reperta
CASTYPE14684,Perdita replicans
CASTYPE14685,Perdita retusa
CASTYPE14686,Perdita rhodogastra
CASTYPE14687,Perdita robertsi
CASTYPE14688,Perdita rozeni
CASTYPE14689,Perdita rudei
CASTYPE14690,Perdita rufescens
CASTYPE14691,Perdita ruficauda
CASTYPE14692,Perdita salicis
CASTYPE14693,Perdita salviae
CASTYPE14694,Perdita sandhouseae
CASTYPE14695,Perdita schlingeri
CASTYPE14696,Perdita scitula
CASTYPE14697,Perdita scitula
CASTYPE14698,Perdita scotti
CASTYPE14701,Perdita scutellaris
CASTYPE14702,Perdita sedulosa
CASTYPE14703,Perdita sejuncta
CASTYPE14704,Perdita semilutea
CASTYPE14705,Perdita seminigra
CASTYPE14706,Perdita sexfasciata
CASTYPE14707,Perdita sexnotata
CASTYPE14708,Perdita shinnersi
CASTYPE14709,Perdita similis
CASTYPE14710,Perdita sinaloana
CASTYPE14711,Perdita snellingi
CASTYPE14712,Perdita socia
CASTYPE14713,Perdita soluta
CASTYPE14714,Perdita speciosa
CASTYPE14715,Perdita sphaeralceae
CASTYPE14716,Perdita stagei
CASTYPE14717,Perdita stanleyae
CASTYPE14718,Perdita stathamae
CASTYPE14719,Perdita stenopyga
CASTYPE14720,Perdita stephanomeriae
CASTYPE14721,Perdita stigmalis
CASTYPE14722,Perdita suavis
CASTYPE14723,Perdita submaerens
CASTYPE14724,Perdita submedia
CASTYPE14725,Perdita subrufiventris
CASTYPE14726,Perdita subvestita
CASTYPE14727,Perdita sulphuripes
CASTYPE14728,Perdita tacita
CASTYPE14729,Perdita taeniata
CASTYPE14730,Perdita tessellata
CASTYPE14732,Perdita thelypodii
CASTYPE14733,Perdita thermophila
CASTYPE14734,Perdita thermophila
CASTYPE14735,Perdita torchioi
CASTYPE14736,Perdita toschiae
CASTYPE14737,Perdita translineata
CASTYPE14738,Perdita transversa
CASTYPE14740,Perdita trimaculata
CASTYPE14741,Perdita tristella
CASTYPE14742,Perdita tristissima
CASTYPE14743,Perdita tularensis
CASTYPE14744,Perdita tumida
CASTYPE14745,Perdita umbrata
CASTYPE14746,Perdita varleyi
CASTYPE14747,Perdita varleyi
CASTYPE14748,Perdita veris
CASTYPE14749,Perdita vesca
CASTYPE14750,Perdita vicina
CASTYPE14751,Perdita viridinotata
CASTYPE14752,Perdita vittata
CASTYPE14753,Perdita wasbaueri
CASTYPE14754,Perdita washingtoniae
CASTYPE14755,Perdita werneri
CASTYPE14756,Perdita wislizeniae
CASTYPE14757,Perdita xanthodes
CASTYPE14758,Perdita xanthops
CASTYPE14759,Perdita xerophila
CASTYPE14760,Perdita xerophila
CASTYPE14761,Perdita xerophila
CASTYPE14762,Perdita zebrata
CASTYPE14763,Perdita zonalis
CASTYPE14764,Perdita zonalis
CASTYPE14765,Perdita zonalis
CASTYPE14766,Protandrena amplipennis
CASTYPE14767,Protandrena boharti
CASTYPE14768,Protandrena durangoensis
CASTYPE14769,Protandrena eclepta
CASTYPE14770,Protandrena fasciata
CASTYPE14771,Protandrena hurdi
CASTYPE14772,Protandrena irwini
CASTYPE14773,Protandrena lateralis
CASTYPE14774,Protandrena maculata
CASTYPE14775,Protandrena nudescens
CASTYPE14776,Protandrena persimilis
CASTYPE14777,Protandrena protuberata
CASTYPE14778,Protandrena skinneri
CASTYPE14779,Protandrena sorocula
CASTYPE14780,Protandrena sphaeralceae
CASTYPE14781,Protandrena tessellata
CASTYPE14782,Protandrena texana
CASTYPE14783,Protandrena tidestromiae
CASTYPE14784,Protandrena unimaculata
CASTYPE14785,Protandrena xestops
CASTYPE14786,Psaenythia bicolor
CASTYPE14788,Psaenythia pectidis
CASTYPE14789,Psaenythia verbesinae
CASTYPE14790,Pseudopanurgus arizonicus
CASTYPE14791,Pseudopanurgus dawsoni
CASTYPE14792,Pseudopanurgus dicksoni
CASTYPE14793,Pseudopanurgus fasciatus
CASTYPE14794,Pseudopanurgus fulvicornis
CASTYPE14795,Pseudopanurgus fuscicornis
CASTYPE14796,Pseudopanurgus lateralis
CASTYPE14797,Pseudopanurgus occiduus
CASTYPE14798,Pseudopanurgus opacicollis
CASTYPE14799,Pseudopanurgus perarmatus
CASTYPE14800,Pseudopanurgus trifasciatus
CASTYPE14801,Pseudopanurgus tuberatus
CASTYPE14802,Pseudopanurgus verticalis
CASTYPE14803,Anthophora coptognatha
CASTYPE14804,Anthophora linsleyi
CASTYPE14805,Anthophora platti
CASTYPE14806,Centris californica
CASTYPE14807,Centris rhodomelas
CASTYPE14808,Diadasia angusticeps
CASTYPE14810,Diadasia consociata
CASTYPE14811,Diadasia lutzi deserticola
CASTYPE14812,Diadasia lutzi difficilis
CASTYPE14813,Diadasia martialis
CASTYPE14814,Diadasia palmarum
CASTYPE14815,Diadasia sphaeralcearum affinis
CASTYPE14816,Diadasia tuberculifrons
CASTYPE14817,Diadasia vallicola
CASTYPE14818,Diadasia vestita
CASTYPE14819,Exomalopsis aequalis
CASTYPE14820,Exomalopsis affabilis
CASTYPE14821,Exomalopsis albata
CASTYPE14822,Exomalopsis albovestita
CASTYPE14823,Exomalopsis arcuata
CASTYPE14824,Exomalopsis bechteli
CASTYPE14825,Exomalopsis boharti
CASTYPE14826,Exomalopsis brevicornis
CASTYPE14827,Exomalopsis cerei
CASTYPE14828,Exomalopsis comitanensis
CASTYPE14829,Exomalopsis consobrina
CASTYPE14830,Exomalopsis crassicornis
CASTYPE14831,Exomalopsis deserticola
CASTYPE14832,Exomalopsis digressa
CASTYPE14833,Exomalopsis eriogoni
CASTYPE14834,Exomalopsis euphorbiae
CASTYPE14835,Exomalopsis exilis
CASTYPE14836,Exomalopsis fulvihirta
CASTYPE14837,Exomalopsis gutierreziae
CASTYPE14838,Exomalopsis halli
CASTYPE14839,Exomalopsis hurdi
CASTYPE14840,Exomalopsis levigata
CASTYPE14841,Exomalopsis linsleyi
CASTYPE14842,Exomalopsis nigrihirta
CASTYPE14843,Exomalopsis oaxacana
CASTYPE14844,Exomalopsis palmarum
CASTYPE14845,Exomalopsis parva
CASTYPE14846,Exomalopsis punctatissima
CASTYPE14847,Exomalopsis robustula
CASTYPE14848,Exomalopsis rufiventris
CASTYPE14849,Exomalopsis scapalis
CASTYPE14850,Exomalopsis sonorensis
CASTYPE14851,Exomalopsis tricincta
CASTYPE14852,Exomalopsis tricinctula
CASTYPE14853,Exomalopsis varleyi
CASTYPE14854,Gnathopasites mojavensis
CASTYPE14855,Gnathopasites timberlakei
CASTYPE14856,Melissodes appressa
CASTYPE14859,Melissodes sonorensis
CASTYPE14860,Melissodes terminata
CASTYPE14861,Paranomada californica
CASTYPE14862,Paranomada velutina
CASTYPE14863,Protepeolus integer
CASTYPE14864,Synhalonia albescens
CASTYPE14865,Synhalonia amsinckiae
CASTYPE14866,Synhalonia angustifrons
CASTYPE14867,Synhalonia californica deserticola
CASTYPE14868,Synhalonia conditi
CASTYPE14869,Synhalonia delphinii
CASTYPE14870,Synhalonia dorsata
CASTYPE14871,Synhalonia hurdi
CASTYPE14872,Synhalonia ignota
CASTYPE14873,Synhalonia lunata
CASTYPE14874,Synhalonia mohavensis
CASTYPE14875,Synhalonia primiveris
CASTYPE14876,Synhalonia quadricincta
CASTYPE14877,Synhalonia tricinctella
CASTYPE14878,Synhalonia zonata
CASTYPE14881,Townsendiella rufiventris
CASTYPE14882,Triopasites timberlakei
CASTYPE14883,Colletes cercidii
CASTYPE14885,Colletes covilleae
CASTYPE14886,Colletes disseptus
CASTYPE14887,Colletes eriogoni
CASTYPE14888,Colletes hyalinus oregonensis
CASTYPE14889,Colletes larreae
CASTYPE14890,Colletes laticinctus
CASTYPE14891,Colletes linsleyi
CASTYPE14893,Colletes monticola pinorum
CASTYPE14894,Colletes nitescens
CASTYPE14895,Colletes paniscus mertensiae
CASTYPE14896,Colletes paniscus sculleni
CASTYPE14897,Colletes rudis
CASTYPE14898,Colletes sphaeralceae
CASTYPE14899,Colletes stepheni
CASTYPE14900,Colletes tectiventris
CASTYPE14901,Colletes turgiventris
CASTYPE14902,Colletes xerophilus
CASTYPE14904,Ptiloglossa arizonensis
CASTYPE14905,Ptiloglossa jonesi
CASTYPE14906,Conanthalictus caerulescens
CASTYPE14907,Conanthalictus cockerelli
CASTYPE14908,Conanthalictus deserticola
CASTYPE14909,Conanthalictus dicksoni
CASTYPE14910,Conanthalictus mentzeliae
CASTYPE14911,Conanthalictus minor
CASTYPE14912,Conanthalictus namatophilus
CASTYPE14913,Conanthalictus nigricans
CASTYPE14914,Dufourea brevicornis
CASTYPE14915,Dufourea calientensis
CASTYPE14916,Dufourea dammersi
CASTYPE14917,Dufourea desertorum
CASTYPE14918,Dufourea echinocacti
CASTYPE14919,Dufourea latifrons
CASTYPE14920,Dufourea leachi
CASTYPE14921,Dufourea linanthi
CASTYPE14922,Dufourea malacothricis
CASTYPE14923,Dufourea nudicornis
CASTYPE14924,Dufourea oenotherae
CASTYPE14925,Dufourea truncata
CASTYPE14926,Dufourea tularensis
CASTYPE14927,Dufourea vernalis
CASTYPE14928,Dufourea viridis
CASTYPE14929,Mimulapis versatilis rufiventris
CASTYPE14930,Protodufourea parca
CASTYPE14931,Protodufourea wasbaueri
CASTYPE14932,Sphecodes nigricans
CASTYPE14933,Anthocopa namatophila
CASTYPE14935,Ashmeadiella difugita
CASTYPE14936,Ashmeadiella foveata
CASTYPE14938,Ashmeadiella rufitarsis
CASTYPE14939,Ashmeadiella titusi
CASTYPE14940,Chelostoma minutum marginatum
CASTYPE14941,Dianthidium desertorum
CASTYPE14942,Dianthidium dubium
CASTYPE14943,Dianthidium dubium dilectum
CASTYPE14945,Dianthidium heterulkei
CASTYPE14946,Dianthidium implicatum
CASTYPE14947,Dianthidium parvum basingeri
CASTYPE14948,Dianthidium parvum schwarzi
CASTYPE14950,Dianthidium platyurum mohavense
CASTYPE14951,Dianthidium plenum
CASTYPE14952,Dianthidium plenum australe
CASTYPE14953,Dianthidium plenum williamsi
CASTYPE14954,Dianthidium ulkei riparii
CASTYPE14955,Dioxys productus cismontanicus
CASTYPE14956,Heriades micheneri
CASTYPE14957,Heriades timberlakei
CASTYPE14958,Heteranthidium subtimberlakei
CASTYPE14959,Heteranthidium timberlakei
CASTYPE14961,Hoplitis mojavensis
CASTYPE14963,Megachile subfortis
CASTYPE14964,Osmia albomarginata
CASTYPE14965,Osmia arefacta
CASTYPE14966,Osmia enceliae
CASTYPE14967,Osmia hemizoniae
CASTYPE14968,Osmia palmarum
CASTYPE14969,Osmia phaceliarum
CASTYPE1496,Hylaeus sonorensis
CASTYPE14970,Osmia robustula
CASTYPE14971,Osmia rupestris
CASTYPE14972,Osmia shastensis
CASTYPE14973,Osmia timberlakei
CASTYPE14974,Osmia triodonta
CASTYPE14975,Osmia viguierae
CASTYPE14977,Osmia xerophila
CASTYPE14978,Proteriades basingeri
CASTYPE14979,Proteriades cryptanthae
CASTYPE14980,Proteriades deserticola
CASTYPE14982,Proteriades nigra
CASTYPE14984,Proteriades pygmaea
CASTYPE14985,Proteriades reducta
CASTYPE1498,Colletes albocinctus
CASTYPE1499,Colletes mulegensis
CASTYPE1500,Colletes profectus
CASTYPE1501,Colletes perileucus
CASTYPE1502,Agapostemon angelicus
CASTYPE1503,Agapostemon proscriptellus
CASTYPE1504,Agapostemon purpureopictus
CASTYPE1505,Agapostemon digueti
CASTYPE1506,Agapostemon cyanozonus
CASTYPE1507,Ceratina arizonensis vanduzeei
CASTYPE1508,Ceratina melanoptera
CASTYPE1509,Nomia howardi vanduzeei
CASTYPE1510,Hesperapis macrocephala
CASTYPE1511,Hesperapis leucura
CASTYPE1512,Megachile lobatifrons
CASTYPE1513,Megachile adelphodonta
CASTYPE1514,Megachile discorhina
CASTYPE1515,Megachile odontostoma
CASTYPE1516,Megachile slevini
CASTYPE1517,Megachile vanduzeei
CASTYPE15189,Centris gelida
CASTYPE1518,Megachile sonorana
CASTYPE15194,Perdita abducta
CASTYPE1519,Megachile brachysoma
CASTYPE1520,Megachile estebana
CASTYPE1521,Megachile tiburonensis
CASTYPE1522,Ashmeadiella haematopoda
CASTYPE1523,Ashmeadiella microsoma
CASTYPE1524,Ashmeadiella leucozona
CASTYPE1525,Ashmeadiella digiticauda
CASTYPE1526,Ashmeadiella rhodognatha
CASTYPE1527,Ashmeadiella subangusta
CASTYPE1528,Ashmeadiella crassa
CASTYPE1529,Coelioxys tiburonensis
CASTYPE15306,Andrena albosellata
CASTYPE15307,Andrena amplificata
CASTYPE15309,Andrena asclepiadis
CASTYPE1530,Coelioxys gonaspis
CASTYPE15310,Andrena bebbiana
CASTYPE15311,Andrena beckeri
CASTYPE15312,Andrena birtwelli
CASTYPE15313,Andrena birtwelli
CASTYPE15314,Andrena brachycarpae
CASTYPE15315,Andrena brevipalpis
CASTYPE15316,Andrena callopyrrha
CASTYPE15317,Andrena campbelli
CASTYPE15318,Andrena carlini
CASTYPE15319,Andrena chlorogaster
CASTYPE15320,Andrena chlorura
CASTYPE15321,Andrena colletina
CASTYPE15322,Andrena crataegiphila
CASTYPE15324,Andrena cyanophila
CASTYPE15325,Andrena cyanura
CASTYPE15326,Andrena davisiana
CASTYPE15327,Andrena edwiniae
CASTYPE15328,Andrena ellisiae
CASTYPE15329,Andrena ensenadensis
CASTYPE15330,Andrena eriogoni
CASTYPE15331,Andrena escondida
CASTYPE15332,Andrena fernaldiella
CASTYPE15333,Andrena fragiliformis
CASTYPE15334,Andrena gardineri
CASTYPE15335,Andrena griseonigra
CASTYPE15336,Andrena heteromorpha
CASTYPE15337,Andrena heterura
CASTYPE15338,Andrena hicksi
CASTYPE15339,Andrena hitei
CASTYPE15340,Andrena indianensis
CASTYPE15341,Andrena irana
CASTYPE15342,Andrena jacobaea
CASTYPE15343,Andrena kuznetzovi
CASTYPE15344,Andrena lamellicauda
CASTYPE15345,Andrena laminibucca
CASTYPE15346,Andrena lappulae
CASTYPE15347,Andrena latisigna
CASTYPE15348,Andrena layiae
CASTYPE15349,Andrena lewisii
CASTYPE15350,Andrena lucifera
CASTYPE15351,Andrena lupinorum
CASTYPE15352,Andrena macrocephala
CASTYPE15353,Andrena martialis
CASTYPE15354,Andrena mexicanorum
CASTYPE15355,Andrena micranthophila
CASTYPE15356,Andrena mimetica
CASTYPE15357,Andrena nigritarsis
CASTYPE15358,Andrena nigrocaerulea
CASTYPE15359,Andrena nubecula
CASTYPE15360,Andrena opacissima
CASTYPE15361,Andrena opaciventris
CASTYPE15362,Andrena osmioides
CASTYPE15363,Andrena peratra
CASTYPE15364,Andrena perforatella
CASTYPE15365,Andrena perimelas
CASTYPE15366,Andrena pertarda
CASTYPE15367,Andrena pertristis
CASTYPE15368,Andrena phocata
CASTYPE15369,Andrena physariae
CASTYPE15371,Andrena platyrhina
CASTYPE15372,Andrena politissima
CASTYPE15373,Andrena portosanctana
CASTYPE15374,Andrena pronitens
CASTYPE15375,Andrena prunicola
CASTYPE15376,Andrena pyrrhacita
CASTYPE15377,Andrena pyrura
CASTYPE15378,Andrena ramaleyi
CASTYPE15379,Andrena ribesina
CASTYPE15380,Andrena rodecki
CASTYPE15381,Andrena runcinatae
CASTYPE15382,Andrena saccharina
CASTYPE15384,Andrena seneciophila
CASTYPE15385,Andrena sieverti
CASTYPE15386,Andrena speculifera
CASTYPE15387,Andrena subtristis
CASTYPE15389,Andrena tardula
CASTYPE15390,Andrena trifoliata
CASTYPE15391,Andrena unicula
CASTYPE15392,Andrena vagans
CASTYPE15393,Andrena veris
CASTYPE15394,Andrena vestali
CASTYPE15395,Andrena vicina
CASTYPE15396,Andrena viridibasis
CASTYPE15397,Andrena ziziaeformis
CASTYPE15398,Calliopsis chlorops
CASTYPE15400,Calliopsis teucrii
CASTYPE15401,Camptopoeum reedi
CASTYPE15402,Diandrena beatula
CASTYPE15403,Diandrena clariventris
CASTYPE15404,Diandrena cyanosoma
CASTYPE15405,Diandrena puthua
CASTYPE15406,Diandrena sanctorum
CASTYPE15407,Epimethea kuznetzovi
CASTYPE15408,Glossoperdita pelargoides
CASTYPE15409,Greeleyella beardsleyi
CASTYPE15410,Greeleyella resinata
CASTYPE15411,Hypomacrotera callops
CASTYPE15412,Hypomacrotera callops persimilis
CASTYPE15414,Panurginus didirupa
CASTYPE15416,Panurginus labrosiformis distractus
CASTYPE15417,Panurginus nubis
CASTYPE15418,Panurginus polytrichus
CASTYPE15419,Panurginus porterae
CASTYPE15421,Parandrena atypica
CASTYPE15422,Perdita annexa
CASTYPE15423,Perdita anograe
CASTYPE15424,Perdita baileyae
CASTYPE15425,Perdita birkmanni
CASTYPE15426,Perdita bishoppi
CASTYPE15428,Perdita calloleuca
CASTYPE15429,Perdita cambarella
CASTYPE15430,Perdita coreopsidis
CASTYPE15431,Perdita crotonis
CASTYPE15432,Perdita eriogoni
CASTYPE15433,Perdita fallax
CASTYPE15434,Perdita gutierreziae
CASTYPE15435,Perdita howardi
CASTYPE15436,Perdita laticincta
CASTYPE15437,Perdita layiae
CASTYPE15438,Perdita lepidii
CASTYPE15439,Perdita luciae
CASTYPE15440,Perdita melanostoma
CASTYPE15441,Perdita mellina
CASTYPE15442,Perdita mentzeliarum
CASTYPE15443,Perdita opuntiae
CASTYPE15444,Perdita pectidis
CASTYPE15445,Perdita platyura
CASTYPE15446,Perdita pratti
CASTYPE15447,Perdita rehni
CASTYPE15448,Perdita rhois
CASTYPE15449,Perdita sonorensis
CASTYPE15450,Perdita stottleri
CASTYPE15451,Perdita stottleri
CASTYPE15452,Perdita subtristis
CASTYPE15453,Perdita tortifoliae
CASTYPE15454,Perdita townsendi
CASTYPE15455,Perdita tropicalis
CASTYPE15456,Perdita verbesinae
CASTYPE15457,Perdita vierecki
CASTYPE15458,Perdita wilmattae
CASTYPE15459,Perdita xanthismae
CASTYPE1545,Halictus vanduzeei
CASTYPE15460,Psaenythia thoracica
CASTYPE15461,Pseudopanurgus pectidellus
CASTYPE15462,Spinoliella euxantha
CASTYPE15463,Anthophora abruptella
CASTYPE15464,Anthophora anstrutheri
CASTYPE15465,Anthophora arthuri
CASTYPE15467,Anthophora curta petrophila
CASTYPE15468,Anthophora euops
CASTYPE1546,Halictus chionocephalus
CASTYPE15471,Anthophora tarsata subtarsata
CASTYPE15472,Anthophora usticauda
CASTYPE15474,Centris hoffmanseggiae davidsoni
CASTYPE15475,Diadasia afflictula
CASTYPE15476,Diadasia crassicauda
CASTYPE15477,Diadasia laticauda
CASTYPE15478,Diadasia nitidifrons
CASTYPE15479,Diadasia skinneri
CASTYPE15480,Emphor fuscojubatus
CASTYPE15483,Emphoropsis murihirta
CASTYPE15484,Entechnia dakotensis
CASTYPE15485,Entechnia grisella
CASTYPE15486,Exomalopsis chlorina
CASTYPE15488,Melissodes alopex
CASTYPE15489,Melissodes atrifera sandiarum
CASTYPE1548,Osmia vanduzeei
CASTYPE15491,Melissodes baileyi
CASTYPE15492,Melissodes bidentis
CASTYPE15493,Melissodes bruesi
CASTYPE15494,Melissodes confusiformis incondita
CASTYPE15495,Melissodes dagosa
CASTYPE15496,Melissodes glenwoodensis
CASTYPE15497,Melissodes grindeliae
CASTYPE15498,Melissodes helianthelli
CASTYPE15499,Melissodes helianthophila
CASTYPE1549,Osmia paradisica
CASTYPE15500,Melissodes hewetti
CASTYPE15501,Melissodes loena
CASTYPE15502,Melissodes machaerantherae
CASTYPE15503,Melissodes martini
CASTYPE15504,Melissodes martini hitei
CASTYPE15505,Melissodes megacerata
CASTYPE15506,Melissodes melandri
CASTYPE15507,Melissodes melanosoma
CASTYPE15508,Melissodes mizeae
CASTYPE15509,Melissodes moorei
CASTYPE1550,Osmia vandykei
CASTYPE15510,Melissodes nigrosignata
CASTYPE15512,Melissodes octobris
CASTYPE15513,Melissodes paroselae
CASTYPE15514,Melissodes pecosella verbesinarum
CASTYPE15515,Melissodes petulciformis
CASTYPE15516,Melissodes saponellus
CASTYPE15518,Melissodes semiagilis perlusa
CASTYPE15519,Melissodes stearnsi
CASTYPE1551,Osmia nemoris
CASTYPE15520,Melissodes texana flaveriae
CASTYPE15521,Melissodes tuckeri
CASTYPE15522,Melissodes xanthopteralis
CASTYPE15523,Neolarra vittata
CASTYPE15524,Neopasites eamia
CASTYPE15525,Pseudomelecta pasadenensis
CASTYPE15526,Synhalonia astragalina
CASTYPE15527,Synhalonia belfragei virgata
CASTYPE15528,Synhalonia crenulaticornis lippiae
CASTYPE15529,Synhalonia frater aragalli
CASTYPE1552,Osmia solitaria
CASTYPE15530,Synhalonia gillettei
CASTYPE15531,Synhalonia hirsutior
CASTYPE15532,Synhalonia idiotes
CASTYPE15533,Synhalonia territella
CASTYPE15534,Synhalonia truttae
CASTYPE15535,Tetralonia annae
CASTYPE15536,Tetralonia annae patruelis
CASTYPE15537,Tetralonia argyrophila
CASTYPE15538,Tetralonia astragalina clarissima
CASTYPE15539,Tetralonia birkmanniella
CASTYPE1553,Osmia enixa
CASTYPE15541,Tetralonia chrysophila
CASTYPE15542,Tetralonia cordleyi orophila
CASTYPE15543,Tetralonia douglasiana
CASTYPE15544,Tetralonia edwardsii vagabunda
CASTYPE15545,Tetralonia fedoris
CASTYPE15547,Tetralonia phaceliae
CASTYPE15548,Tetralonia pomonae
CASTYPE15549,Tetralonia yakimensis
CASTYPE1554,Osmia peridonea
CASTYPE15550,Xenoglossa crawfordi
CASTYPE15551,Xenoglossa davidsoni
CASTYPE15554,Xenoglossodes neotomae
CASTYPE15555,Xenoglossodes wilmattae
CASTYPE15556,Xylocopa tabaniformis parkinsoniae
CASTYPE15557,Melipona fasciata cramptoni
CASTYPE15558,Melipona mimetica
CASTYPE15559,Colletes algarobiae
CASTYPE1555,Osmia vana
CASTYPE15560,Colletes andrewsi
CASTYPE15561,Colletes angelicus
CASTYPE15562,Colletes cauponarius
CASTYPE15563,Colletes chamaesarachae
CASTYPE15564,Colletes cockerelli
CASTYPE15565,Colletes coloradensis
CASTYPE15566,Colletes florissantia
CASTYPE15567,Colletes gypsicolens
CASTYPE15568,Colletes hydrophilus
CASTYPE15569,Colletes lippiarum
CASTYPE1556,Osmia kerminesina
CASTYPE15570,Colletes myroni
CASTYPE15571,Colletes nitidicaudus
CASTYPE15572,Colletes phaceliae
CASTYPE15573,Colletes polemonii
CASTYPE15574,Colletes rufocinctus
CASTYPE15575,Colletes salicicola
CASTYPE15576,Colletes salicicola geranii
CASTYPE15577,Colletes sieverti
CASTYPE15578,Colletes trigonatus
CASTYPE15579,Colletes tucsonensis
CASTYPE1557,Osmia laeta
CASTYPE15580,Colletes wilmattae
CASTYPE15581,Colletes xerophilus sonoranus
CASTYPE15582,Euryglossa nitidifrons serrata
CASTYPE15583,Euryglossella nothula
CASTYPE15584,Prosopis bacillaria
CASTYPE15585,Prosopis eugeniella
CASTYPE15586,Prosopis flavojugata
CASTYPE15587,Prosopis hesperiphila
CASTYPE15588,Prosopis pulchripes
CASTYPE15589,Prosopis tuertonis
CASTYPE1558,Osmia rostrata
CASTYPE15590,Prosopis universitatis
CASTYPE15591,Augochlora banksiella
CASTYPE15592,Augochlora neglectula
CASTYPE15593,Augochlora sumptuosa bolliana
CASTYPE15594,Conanthalictus macrops
CASTYPE15595,Diandrena scintilla
CASTYPE15596,Dufourea descansana
CASTYPE15597,Halictoides boregoensis
CASTYPE15598,Halictoides campanulae
CASTYPE15599,Halictoides fallugiae
CASTYPE1559,Osmia exilis
CASTYPE15600,Halictoides harveyi
CASTYPE15601,Halictoides pulchricornis
CASTYPE15602,Halictoides virgatus
CASTYPE15603,Halictus cooleyi obscurior
CASTYPE15604,Halictus eophilus
CASTYPE15605,Halictus euryceps
CASTYPE15606,Halictus exiguiformis
CASTYPE15607,Halictus glaucovirens
CASTYPE15608,Halictus grindeliae
CASTYPE15609,Halictus hammondi
CASTYPE1560,Osmia seclusa
CASTYPE15610,Halictus jameseae
CASTYPE15611,Halictus lazulis
CASTYPE15613,Halictus meliloti
CASTYPE15614,Halictus ororyctes
CASTYPE15615,Halictus pacificus
CASTYPE15616,Halictus perdifficilis
CASTYPE15617,Halictus perpunctatus
CASTYPE15618,Halictus ripariellus
CASTYPE15619,Halictus tenuis
CASTYPE1561,Osmia sedula
CASTYPE15620,Nomia melanderi paysoni
CASTYPE15621,Nomia melandri
CASTYPE15622,Panurgus lustrans
CASTYPE15623,Proteraner leptanthi
CASTYPE15624,Proteraner rhois
CASTYPE15625,Sphecodes arroyanus
CASTYPE15626,Sphecodes arvensiformis
CASTYPE15627,Sphecodes eustictus
CASTYPE15628,Sphecodes hesperellus
CASTYPE1562,Osmia celsa
CASTYPE15630,Sphecodes olympicus
CASTYPE15631,Sphecodes patruelis
CASTYPE15632,Sphecodes rohweri
CASTYPE15633,Sphecodes sibuyanensis
CASTYPE15634,Sphecodes sulcatulus
CASTYPE15635,Sphecodes washingtoni
CASTYPE15636,Xeralictus timberlakei
CASTYPE15637,Ashmeadiella aridula
CASTYPE15638,Ashmeadiella florissantensis
CASTYPE15639,Ashmeadiella wislizeni
CASTYPE1563,Osmia proposita
CASTYPE15640,Chelostoma jacintanum
CASTYPE15641,Chelostomoides pratti
CASTYPE15642,Dioxys catalinensis
CASTYPE15643,Dioxys phaceliae
CASTYPE15644,Heriades sauteri
CASTYPE15645,Heriades sauteri philippinensis
CASTYPE15646,Hoplitis hicksi
CASTYPE15647,Megachile anograe
CASTYPE15648,Megachile bishoppi
CASTYPE15649,Megachile chilopsidis
CASTYPE1564,Osmia visenda
CASTYPE15651,Megachile disparipennis
CASTYPE15653,Megachile onobrychidis
CASTYPE15654,Megachile opuntiarum
CASTYPE15655,Megachile populi
CASTYPE15656,Megachile semiexilis
CASTYPE15657,Megachile sidalceae
CASTYPE15658,Megachile soledadensis
CASTYPE15659,Megachile townsendiana
CASTYPE1565,Osmia pellax
CASTYPE15660,Megachile verbesinae
CASTYPE15661,Osmia albolateralis
CASTYPE15662,Osmia angustipes
CASTYPE15663,Osmia aprilina
CASTYPE15664,Osmia coloradella
CASTYPE15665,Osmia copelandica
CASTYPE15666,Osmia cyanopoda
CASTYPE15667,Osmia erythrotricha
CASTYPE15668,Osmia gabrielis
CASTYPE15669,Osmia globosiformis
CASTYPE15670,Osmia hesperella
CASTYPE15671,Osmia hypochrysea
CASTYPE15673,Osmia hypocrita
CASTYPE15674,Osmia liogastra
CASTYPE15675,Osmia melanotricha
CASTYPE15676,Osmia pentstemonis
CASTYPE15677,Osmia wheeleri
CASTYPE15678,Robertsonella crataegina
CASTYPE15679,Robertsonella dolichosoma
CASTYPE15680,Halictoides ilicifoliae
CASTYPE15681,Hesperapis nitidulus
CASTYPE15682,Hesperapis semirudis
CASTYPE15683,Hesperapis wilmattae
CASTYPE15684,Panurgus rhodoceratus
CASTYPE15721,Andrena subrubicunda
CASTYPE15723,Andrena angustella
CASTYPE15725,Andrena milwaukeensis
CASTYPE15729,Andrena alceae
CASTYPE15730,Andrena impolita
CASTYPE15731,Andrena siccata
CASTYPE15788,Osmia giffardi
CASTYPE15880,Halictus trizonatus
CASTYPE15881,Lasioglossum anhypops
CASTYPE15882,Lasioglossum channelense
CASTYPE15883,Lasioglossum sandrae
CASTYPE15884,Lasioglossum tropidonotum
CASTYPE15885,Titusella clypeata
CASTYPE15936,Stelis anthidioides
CASTYPE15937,Stelis anthracina
CASTYPE15938,Stelis ashmeadiellae
CASTYPE15939,Stelis depressa
CASTYPE15940,Stelis nigriventris
CASTYPE15941,Stelis palmarum
CASTYPE15942,Stelis robertsoni
CASTYPE15943,Stelis semirubra
CASTYPE15944,Stelis seneciophila
CASTYPE15945,Stelis trichopyga
CASTYPE1598,Triepeolus lineatulus
CASTYPE1599,Triepeolus vandykei
CASTYPE1600,Triepeolus pallidiventris
CASTYPE1601,Triepeolus schwarzi subcalens
CASTYPE16023,Ceylalictus congoensis
CASTYPE1602,Triepeolus inyoensis
CASTYPE1603,Triepeolus blaisdelli
CASTYPE1604,Triepeolus haematurus
CASTYPE16056,Nomada timberlakei
CASTYPE1605,Triepeolus saturninus
CASTYPE1606,Triepeolus brunnescens
CASTYPE1607,Triepeolus mensae
CASTYPE1608,Triepeolus diversipes
CASTYPE1609,Epeolus rufomaculatus
CASTYPE16100,Nomada portalensis
CASTYPE1610,Epeolus geminatus
CASTYPE1611,Epeolus heterurus
CASTYPE1612,Epeolus melectimimus
CASTYPE1613,Epeolus rubrostictus
CASTYPE1614,Epeolus arciferus
CASTYPE1615,Epeolus pilatei
CASTYPE1633,Coelioxys rufitarsis claripes
CASTYPE1634,Coelioxys mediata
CASTYPE1635,Coelioxys salinaria
CASTYPE1636,Coelioxys asclepiadis
CASTYPE1637,Coelioxys hypodonta
CASTYPE1644,Nomada peninsularis
CASTYPE1648,Colletes slevini
CASTYPE1649,Hylaeus giffardiellus
CASTYPE1650,Halictus pavonotus
CASTYPE1651,Halictus aspilurus
CASTYPE1652,Agapostemon texanus vandykei
CASTYPE1653,Perdita pyrifera
CASTYPE1654,Perdita exclamans
CASTYPE1655,Spinoliella triangulifera
CASTYPE1656,Spinoliella equina
CASTYPE1657,Calliopsis pugionis
CASTYPE1659,Halictoides holocyaneus
CASTYPE16607,Rhopalolemma robertsi
CASTYPE1660,Halictoides spilurus
CASTYPE16613,Braunsapis hyalina
CASTYPE1661,Triepeolus pacis
CASTYPE1662,Oreopasites vanduzeei
CASTYPE1663,Exomalopsis chionura
CASTYPE1665,Megachile vandykei
CASTYPE16665,Trachusa catinula
CASTYPE1666,Chelostomopsis australis nanus
CASTYPE1667,Chelynia franciscana
CASTYPE16689,Andrena solivaga
CASTYPE1668,Chelynia chlorocyanea
CASTYPE1669,Chelynia leucotricha
CASTYPE1670,Chelynia fragariella
CASTYPE1671,Chelynia holocyanea
CASTYPE1672,Chelynia nitidula
CASTYPE1673,Chelynia subglauca
CASTYPE1674,Stelis callura
CASTYPE1675,Stelis fremonti
CASTYPE16848,Oreopasites hurdi
CASTYPE16849,Oreopasites powelli
CASTYPE16911,Oreopasites arizonica
CASTYPE16912,Oreopasites scituli
CASTYPE1700,Anthophora aterrima
CASTYPE1701,Anthophora nigritula
CASTYPE1702,Diadasia australis mimetica
CASTYPE1703,Diadasia blaisdelli
CASTYPE1704,Melissodes calloleuca
CASTYPE1705,Melissodes metenua
CASTYPE1706,Andrena semicyanea
CASTYPE1707,Andrena carissima
CASTYPE1708,Andrena blaisdelli
CASTYPE17097,Holcopasites linsleyi
CASTYPE1709,Andrena mesoleuca
CASTYPE1710,Andrena microdonta
CASTYPE1711,Andrena yosemitensis
CASTYPE1712,Andrena epileuca
CASTYPE1713,Andrena lustrans
CASTYPE1714,Andrena supervirens
CASTYPE1715,Andrena supervirens
CASTYPE1723,Andrena coactifera
CASTYPE1724,Andrena cuneilabris
CASTYPE17258,Leioproctus alloeopus
CASTYPE1725,Andrena shasta
CASTYPE17268,Ctenoceratina rossi
CASTYPE1726,Andrena sinaloa
CASTYPE1727,Andrena innominata
CASTYPE17282,Anthidium pallidiclypeum
CASTYPE1728,Andrena marina
CASTYPE1729,Anthidium fresnoense
CASTYPE1730,Anthidium xanthognathum
CASTYPE1731,Anthidium fontis
CASTYPE17327,Anthophora joetta
CASTYPE1732,Anthidium permaculatum
CASTYPE1733,Anthidium divisum
CASTYPE17361,Austronomia fumipennis
CASTYPE17362,Pronomia dayi
CASTYPE1736,Anthidium plumarium
CASTYPE1737,Anthidium angulatum
CASTYPE1738,Anthidium brachyurum
CASTYPE1739,Anthidium hamatum
CASTYPE17404,Pectinapis auricauda
CASTYPE1740,Anthidium spinosum
CASTYPE1741,Anthidium flavicaudum
CASTYPE1742,Anthidium puncticaudum
CASTYPE1743,Anthidium lucidum
CASTYPE1745,Dianthidium singulare melanognathum
CASTYPE1747,Callanthidium formosum pratense
CASTYPE17633,Anthophora godofredi
CASTYPE17634,Emphoropsis excellens
CASTYPE17731,Centris mourei
CASTYPE17936,Diadasia mexicana
CASTYPE18067,Andrena leucomystax
CASTYPE18068,Tetraloniella vandykei
CASTYPE18102,Andrena dissona
CASTYPE18246,Triepeolus antiochensis
CASTYPE18247,Triepeolus melanarius
CASTYPE18248,Triepeolus simulatus
CASTYPE18458,Othinosmia stupenda
CASTYPE18462,Habralictus insularis
CASTYPE18498,Anthidium ruizi
CASTYPE18537,Ceratina barbarae
CASTYPE18538,Ceratina braunsi
CASTYPE18539,Ceratina hexae
CASTYPE18557,Perdita albomarginata
CASTYPE18558,Perdita brevicornis
CASTYPE18559,Perdita janzeni
CASTYPE18560,Perdita pauxilla
CASTYPE18561,Perdita pilonotata
CASTYPE18638,Palaeorhiza concordiana
CASTYPE18639,Palaeorhiza demeter
CASTYPE18640,Palaeorhiza labergei
CASTYPE18641,Palaeorhiza nike
CASTYPE18642,Palaeorhiza pulawskii
CASTYPE18704,Euryglossina hypochroma
CASTYPE18706,Pachyprosopis saturnina
CASTYPE1877,Nomada klamathensis
CASTYPE19381,Triepeolus eliseae
CASTYPE19745,Ceratina volitans
CASTYPE2386,Panurgus melanocephalus
CASTYPE2387,Colletes kobensis
CASTYPE2388,Anthophora dulcifera
CASTYPE2389,Anthophora tsushimensis
CASTYPE2392,Megachile remotissima
CASTYPE2393,Xylocopa fallax thompsoni
CASTYPE2394,Nomada koreana
CASTYPE2395,Epeolus tsushimensis
CASTYPE2396,Bombomelecta callura
CASTYPE2461,Agapostemon martini
CASTYPE2462,Agapostemon epichryseus
CASTYPE2576,Perdita obliqua
CASTYPE2577,Perdita keiferi
CASTYPE2615,Perdita nigricollis
CASTYPE262,Megacilissa thoracica
CASTYPE263,Panurgus manifestus
CASTYPE264,Panurgus manifestus
CASTYPE265,Panurgus halictoides
CASTYPE266,Calliopsis margaritensis
CASTYPE267,Calliopsis margaritensis
CASTYPE268,Calliopsis scaber
CASTYPE269,Calliopsis concinnus
CASTYPE270,Perdita sparsa
CASTYPE271,Perdita sparsa
CASTYPE2729,Centris atripes ferrisi
CASTYPE272,Perdita sparsa
CASTYPE273,Perdita ventralis
CASTYPE274,Perdita ventralis
CASTYPE275,Perdita arcuata
CASTYPE276,Perdita arcuata
CASTYPE277,Ericrocis rugosa
CASTYPE278,Lithurgus oblongus
CASTYPE279,Lithurgus oblongus
CASTYPE280,Megachile occidentalis
CASTYPE281,Centris mustelina
CASTYPE282,Centris mustelina
CASTYPE283,Centris mustelina
CASTYPE284,Centris mustelina
CASTYPE285,Oxaea vagans
CASTYPE286,Oxaea vagans
CASTYPE287,Centris eisenii
CASTYPE288,Centris eisenii
CASTYPE289,Centris eisenii
CASTYPE290,Centris eisenii
CASTYPE2988,Perdita turgiceps
CASTYPE2989,Perdita interrupta
CASTYPE2990,Perdita hirticeps
CASTYPE2991,Perdita blaisdelli
CASTYPE3616,Megachile palmensis
CASTYPE3617,Megachile blaisdelli
CASTYPE3618,Megachile mojavensis
CASTYPE3619,Megachile seducta
CASTYPE4164,Ashmeadiella clypeodentata
CASTYPE4165,Ashmeadiella rhodopus
CASTYPE4199,Halictus sequoiae
CASTYPE4200,Halictus humboldtensis
CASTYPE4201,Halictus mendocinensis
CASTYPE4202,Halictus marinensis
CASTYPE4217,Andrena vandykei
CASTYPE4218,Diandrena marinensis
CASTYPE4228,Andrena melanodora
CASTYPE4229,Andrena submaura
CASTYPE4231,Andrena ceanothifloris
CASTYPE4233,Andrena grundeli
CASTYPE4235,Andrena rubrotincta
CASTYPE4256,Raphidostoma ceanothi
CASTYPE4257,Andrena ablusula
CASTYPE4258,Andrena angustella
CASTYPE4259,Andrena anisochlora
CASTYPE4260,Andrena ceanothina
CASTYPE4261,Andrena cercocarpi
CASTYPE4262,Andrena lupini
CASTYPE4263,Andrena microchlora
CASTYPE4264,Andrena nitidicornis
CASTYPE4265,Andrena opacibasis
CASTYPE4266,Andrena orthocarpi
CASTYPE4267,Andrena ripariella
CASTYPE4268,Andrena semotula
CASTYPE4269,Andrena solutula
CASTYPE4270,Andrena viridinitens
CASTYPE4271,Diandrena purdyi
CASTYPE4272,Halictus allonotus
CASTYPE4273,Halictus cyanurus
CASTYPE4274,Halictus lupinelli
CASTYPE4275,Halictus orthocarpi
CASTYPE4276,Halictus pilosellus
CASTYPE4277,Halictus tracyi
CASTYPE4344,Protepeolus singularis
CASTYPE4345,Hexepeolus mojavensis
CASTYPE4347,Hexepeolus rhodogyne
CASTYPE4349,Paranomada nitida
CASTYPE4359,Panurginus maritimus
CASTYPE4360,Panurginus emarginatus
CASTYPE4361,Panurginus nigrihirtus
CASTYPE4362,Panurginus ceanothi
CASTYPE4363,Halictoides californicus
CASTYPE4365,Osmia gracilis
CASTYPE4366,Osmia abdominalis
CASTYPE4438,Melitta californica
CASTYPE4491,Chelostoma phaceliae
CASTYPE4493,Chelostoma bernardinum
CASTYPE4494,Chelostoma minutum cockerelli
CASTYPE4511,Osmia alta
CASTYPE4538,Chelostoma minutum incisulum
CASTYPE4541,Andrena bernardina
CASTYPE4543,Andrena vanduzeei
CASTYPE4544,Townsendiella californica
CASTYPE4545,Halictus giffardi
CASTYPE4571,Neolarra vandykei
CASTYPE4573,Neolarra coloradensis
CASTYPE4598,Heriades occidentalis
CASTYPE4600,Heriades cressoni
CASTYPE4602,Lithurgus socorroensis
CASTYPE4649,Bombus nevadensis miguelensis
CASTYPE4650,Bombus crotchii semisuffusus
CASTYPE4651,Epeolus eastwoodae
CASTYPE4652,Anthidium palliventre vanduzeei
CASTYPE4654,Agapostemon californicus psammobius
CASTYPE4655,Halictus megastictus
CASTYPE4657,Halictus perichlarus
CASTYPE4659,Halictus pilosicaudus
CASTYPE4660,Halictus cabrilli
CASTYPE4661,Halictus miguelensis
CASTYPE4662,Osmia theta
CASTYPE4663,Clisodon terminalis sperryi
CASTYPE4664,Lithurgus arizonensis
CASTYPE4665,Osmia lyncis
CASTYPE4666,Osmia caulicola
CASTYPE4667,Bombomelecta johnsoni
CASTYPE4668,Neolarra alba
CASTYPE4669,Dioxys pacificus
CASTYPE4670,Dioxys rohweri
CASTYPE4671,Osmia nelsoni
CASTYPE4673,Bombomelecta semifulva
CASTYPE4709,Halictus albuquerquensis
CASTYPE4710,Panurginus bilobatus
CASTYPE4711,Calliopsis bernardinensis
CASTYPE4714,Hesperapis parva
CASTYPE4715,Halictus abietum
CASTYPE4716,Halictus pasadenae
CASTYPE4717,Anthophora rhodothorax
CASTYPE4718,Hesperapis arida
CASTYPE4726,Ashmeadiella occipitalis
CASTYPE4729,Ashmeadiella sonora
CASTYPE4734,Ashmeadiella sculleni
CASTYPE4735,Ashmeadiella eurynorhyncha
CASTYPE4737,Ashmeadiella erema
CASTYPE4740,Ashmeadiella salviae
CASTYPE4742,Ashmeadiella cazieri
CASTYPE4743,Ashmeadiella foxiella
CASTYPE4744,Ashmeadiella inyoensis
CASTYPE4746,Ashmeadiella breviceps
CASTYPE4748,Ashmeadiella xenomastax
CASTYPE4758,Andrena macrocephala
CASTYPE4771,Melecta sierrae
CASTYPE4772,Melecta bohartorum
CASTYPE4775,Ericrocis rossi
CASTYPE4789,Epeolus mesillae palmarum
CASTYPE4791,Hesperonomada melanantha
CASTYPE4801,Triepeolus mojavensis
CASTYPE4810,Stelis hemirhoda
CASTYPE4814,Andrena boharti
CASTYPE4816,Andrena rhodotricha
CASTYPE4831,Neolarra californica
CASTYPE4847,Andrena nigroclypeata
CASTYPE4924,Ashmeadiella stenognatha
CASTYPE4962,Oreopasites albinota
CASTYPE5120,Xylocopa orpifex androleuca
CASTYPE5156,Anthocopa anthodyta
CASTYPE5158,Anthocopa pycnognatha
CASTYPE5160,Anthocopa panamintensis
CASTYPE5163,Anthocopa nitidivitta
CASTYPE5165,Anthocopa laevibullata
CASTYPE5168,Anthocopa oregona
CASTYPE5170,Anthocopa nigrior
CASTYPE5216,Chelostoma tetramerum
CASTYPE5231,Megachile boharti
CASTYPE5232,Megachile inyoensis
CASTYPE5233,Megachile asterae
CASTYPE5234,Megachile rossi
CASTYPE5274,Triopasites micheneri
CASTYPE5275,Triopasites laguna
CASTYPE5290,Neopasites insoletus
CASTYPE5291,Neopasites arizonicus
CASTYPE5350,Gnathopasites sierrae
CASTYPE5353,Neopasites minimus
CASTYPE5354,Neopasites robertsoni pubescens
CASTYPE5575,Dianthidium subrufulum
CASTYPE5577,Dianthidium ulkei reductum
CASTYPE5579,Dianthidium fraternum hirtulum
CASTYPE5581,Dianthidium pudicum decorum
CASTYPE5583,Dianthidium pudicum inyoense
CASTYPE5585,Dianthidium consimile mccrackenae
CASTYPE5587,Dianthidium macswaini
CASTYPE5771,Stelis linsleyi
CASTYPE5785,Andrena meadowsi
CASTYPE5786,Andrena hypoleuca
CASTYPE5787,Andrena catalinica
CASTYPE5961,Dufourea tuolumne
CASTYPE5963,Dufourea vanduzeei
CASTYPE5964,Dufourea neocalifornica
CASTYPE5965,Dufourea tarsata
CASTYPE5967,Dufourea timberlakei
CASTYPE5968,Dufourea femorata
CASTYPE5970,Dufourea cuprea
CASTYPE5972,Dufourea trochantera
CASTYPE5974,Dufourea vandykei
CASTYPE5976,Dufourea pectinipes
CASTYPE5977,Dufourea longiceps
CASTYPE5979,Dufourea afasciata
CASTYPE5981,Dufourea dentipes
CASTYPE5983,Dufourea dilatipes
CASTYPE6018,Andrena hurdi
CASTYPE6022,Dianthidium pudicum peninsulare
CASTYPE6023,Dianthidium rossi
CASTYPE6132,Andrena cressonii
CASTYPE6134,Andrena osmioides
CASTYPE6623,Colletes bryanti
CASTYPE6624,Colletes deserticola
CASTYPE6625,Colletes monticola inyoensis
CASTYPE6626,Colletes monticola interior
CASTYPE6627,Colletes peninsularis
CASTYPE6628,Colletes solitarius
CASTYPE6629,Colletes vandykei
CASTYPE6630,Perdita arnaudi
CASTYPE6631,Perdita beatula
CASTYPE6632,Perdita bidentata
CASTYPE6633,Perdita binotata
CASTYPE6634,Perdita chloris
CASTYPE6635,Perdita concors
CASTYPE6636,Perdita crotonis
CASTYPE6637,Perdita dissimulans
CASTYPE6638,Perdita nigriventris
CASTYPE6639,Perdita nigroviridis
CASTYPE6640,Perdita perixantha
CASTYPE6641,Perdita propodealis
CASTYPE6642,Perdita rossi
CASTYPE6643,Perdita vandykei
CASTYPE6647,Dianthidium discors
CASTYPE6648,Anthophora fulvicollis
CASTYPE6649,Anthophora pernicis
CASTYPE6650,Anthophora catalinae clementina
CASTYPE6651,Anthophora nicolai
CASTYPE6652,Epeolus piscatoris
CASTYPE6656,Megachile santiamensis
CASTYPE6657,Nomadopsis anthidius
CASTYPE6658,Nomadopsis barri
CASTYPE6659,Nomadopsis boharti
CASTYPE6660,Nomadopsis cazieri
CASTYPE6661,Nomadopsis cincta
CASTYPE6662,Nomadopsis macswaini
CASTYPE6663,Nomadopsis micheneri
CASTYPE6664,Nomadopsis smithi
CASTYPE6665,Nomadopsis snellingi
CASTYPE6668,Dioxys pacificus melanogaster
CASTYPE6669,Dioxys pomonae timberlakei
CASTYPE6672,Pycnanthidium solomonis
CASTYPE6673,Nomia boharti
CASTYPE6674,Nomia micheneri
CASTYPE6677,Apis samarensis
CASTYPE6679,Ashmeadiella micheneri
CASTYPE6681,Centris anomala
CASTYPE6682,Paranthidium sonorum
CASTYPE6683,Anthocopa arizonensis
CASTYPE6684,Anthocopa hebitis
CASTYPE6685,Anthocopa hypostomalis
CASTYPE6687,Ashmeadiella leachi
CASTYPE6688,Ashmeadiella vandykiella
CASTYPE6689,Proteriades boharti
CASTYPE6690,Proteriades seminigra yosemitensis
CASTYPE6691,Hoplitis perissocera
CASTYPE6692,Hoplitis rufina
CASTYPE6693,Stelis acutiventris
CASTYPE6695,Andrena macswaini
CASTYPE6696,Andrena anatolis
CASTYPE6698,Andrena anograe
CASTYPE6699,Andrena apasta
CASTYPE6700,Andrena chylismiae
CASTYPE6701,Andrena eothina
CASTYPE6702,Andrena evoluta
CASTYPE6703,Andrena furva
CASTYPE6704,Andrena mojavensis
CASTYPE6705,Andrena nevadae
CASTYPE6706,Andrena omninigra
CASTYPE6707,Andrena raveni
CASTYPE6708,Andrena rozeni
CASTYPE6709,Andrena subchalybea
CASTYPE6710,Andrena vespertina
CASTYPE6711,Melissodes bimatris
CASTYPE6712,Melissodes brevipyga
CASTYPE6713,Melissodes cerussata
CASTYPE6714,Melissodes clarkiae
CASTYPE6715,Melissodes comata
CASTYPE6716,Melissodes hurdi
CASTYPE6717,Melissodes minuscula
CASTYPE6718,Melissodes perpolita
CASTYPE6719,Melissodes plumosa
CASTYPE6721,Gaesischia mexicana
CASTYPE6722,Proteriades incanescens nevadensis
CASTYPE6754,Perdita macswaini
CASTYPE6755,Perdita michelbacheri
CASTYPE6761,Perdita nigronotata
CASTYPE6762,Perdita salicis
CASTYPE6763,Perdita salicis
CASTYPE6764,Perdita sexmaculata
CASTYPE6765,Perdita williamsi
CASTYPE6766,Trachusa gummifera
CASTYPE8742,Anthophora erythrothorax
CASTYPE8743,Conanthalictus seminiger
CASTYPE8744,Emphoropsis salviae
CASTYPE8745,Halictoides altadenae
CASTYPE8746,Halictoides australis
CASTYPE8747,Halictoides bernardinus
CASTYPE8748,Halictoides eschscholtziae
CASTYPE8749,Halictoides harveyi sierrae
CASTYPE8750,Halictoides nemophilae
CASTYPE8751,Halictoides rhamni
CASTYPE8752,Halictoides ruficaudus
CASTYPE8753,Halictoides sandhouseae
CASTYPE8755,Neolarra linsleyi
CASTYPE8756,Osmia femorata
CASTYPE8758,Osmia latisulcata
CASTYPE8759,Osmia marginata
CASTYPE8760,Osmia mixta
CASTYPE8761,Osmia occidentalis
CASTYPE8762,Osmia pingreeana
CASTYPE8763,Osmia potentillae
CASTYPE8764,Osmia punctata
CASTYPE8765,Osmia sequoiae
CASTYPE8766,Osmia tokopahensis
CASTYPE8767,Osmia wardiana austromontana
CASTYPE8768,Proteriades evansi
CASTYPE8769,Proteriades tristis
CASTYPE8770,Panurginus gracilis
CASTYPE8771,Panurginus gabrielis
CASTYPE8772,Pseudopanurgus aurifodinae
CASTYPE8773,Stelis micheneri
CASTYPE8847,Peponapis timberlakei
CASTYPE8848,Peponapis michelbacherorum
CASTYPE8960,Dianthidium marshi
CASTYPE8961,Dianthidium parkeri
CASTYPE9005,Epeolus brumleyi
CASTYPE9006,Epeolus tessieris
CASTYPE9226,Heterostelis hurdi
CASTYPE9227,Heterostelis texana
CASTYPE931,Centris vanduzeei
CASTYPE932,Centris rhodoleuca
CASTYPE933,Centris cockerelli resoluta
CASTYPE934,Centris pallida callognatha
CASTYPE935,Centris tiburonensis
CASTYPE936,Centris trichosoma
CASTYPE937,Anthophora leucostomella
CASTYPE938,Anthophora pachyodonta
CASTYPE939,Anthophora xanthochlora
CASTYPE940,Anthophora estebana
CASTYPE941,Anthophora hololeuca
CASTYPE942,Exomalopsis pulchella arida
CASTYPE9436,Melissodes pullatella
CASTYPE944,Diadasia australis petrinus
CASTYPE945,Melissodes communis gratior
CASTYPE946,Melissodes catalinensis vanduzeei
CASTYPE947,Melissodes callophila
CASTYPE948,Melissodes callophila nanula
CASTYPE949,Melissodes idonea
CASTYPE950,Dianthidium platyurum
CASTYPE951,Dianthidium profugum
CASTYPE9523,Andrena arctostaphylae
CASTYPE9524,Andrena ardis
CASTYPE9525,Andrena calvata
CASTYPE9526,Andrena hermosa
CASTYPE9527,Andrena humeralis
CASTYPE9529,Andrena ishii
CASTYPE952,Anthidium sonorense
CASTYPE9530,Andrena levipes
CASTYPE9531,Andrena monticola
CASTYPE9532,Andrena murietae
CASTYPE9533,Andrena neomexicana
CASTYPE9534,Andrena ofella
CASTYPE9535,Andrena penutiani
CASTYPE9536,Andrena sonorensis
CASTYPE9537,Andrena vinnula
CASTYPE9538,Andrena viridissima
CASTYPE9540,Hylaeus insolitus
CASTYPE9541,Melissodes tescorum
CASTYPE9542,Svastra pallidior
CASTYPE9544,Andrena tegularis
CASTYPE9545,Andrena repanda
CASTYPE954,Epeolus permixtus
CASTYPE955,Perdita exclamans
CASTYPE956,Perdita vanduzeei
CASTYPE957,Perdita clarifacies
CASTYPE958,Perdita vittata
CASTYPE959,Perdita erudita
CASTYPE9971,Andrena balsamorhizae
CASTYPE9972,Andrena parilis
CASTYPE9973,Andrena utahensis
CASTYPE9997,Synhalonia monozona
